{"Upper middle income": [2491792.9708600272], "Lower middle income": [2721234.573864652], "Low income": [2127964.347672901], "High income": [63539.5254412076]}