{"Latin America and Caribbean": [486246.7626724081], "East Asia and Pacific": [689941.4679024771], "Sub-Saharan Africa": [5863722.334118616], "Europe and Central Asia": [126770.44042163837], "South Asia": [138851.6315180336], "Middle East and North Africa": [98998.78120561436]}