{"femalesHIV": 121176120.5747757, "malesHIV": 71341696.28903298}